1,泡泡,玛特,Hirono,小野,小王子,联名,系列,盲盒,hot,小王子,玫瑰,国王,蛇,地理学家,小商贩,扳道,工,狐狸,点灯,人,商人,酒鬼,虚荣,的,人,下,链接,价格,一件,包邮,可以,直接,拍,下,官方,正品,防伪,可,查,接受,专柜,鉴定,确认,款,拆盒,未,拆袋,盒卡,齐全,有,全套,端盒,塑封,未,拆,概率,隐
2,POPMART,泡泡,玛特,小野,小王子,系列,Hirono,Le,Pe,tit,Prince,手办,盲盒,小商贩,39,包邮,未,拆袋,虚荣,的,人,29,包邮,未,拆袋,点灯,人,34,包邮,未,拆袋,酒鬼,37,包邮,未,拆袋,国王,54,包邮,未,拆袋,狐狸,50,包邮,未,拆袋,玫瑰,150,包邮,未,拆袋,一单,包邮,两个,5,米,正版,盒卡,齐全,喜欢,直接,拍,或者,联系,改价
3,POPMART,泡泡,玛特,小野,Hirono,Le,Petit,P,rince,系列,手办,盲盒,小王子,1,款式,任选,价格,都,不,一样,2,选,整盒,带,塑封,概率,出,隐藏,3,选,12,个,基础,款,打包,有,优惠价,hot,本店,所有,盲盒,都,为,官方,正品,盒子,外,都,有,防伪,码,可以,验证,假一罚,十,正品,正品,正品,重要,的,事情,说,三遍
4,泡泡,玛特,小野,Hirono,小王子,系列,全新,未,拆,盒机,正品,全新,机未,拆,保真,假一,赔十,原厂,瑕疵,不包,售后,库存,地理学家,无,商人,2,35,扳道,工,1,35,虚荣,的,人,2,30,酒鬼,2,32,点灯,人,2,30,小商贩,无,国王,无蛇,1,55,小王子,1,140,以上,单买,5,元,邮费,多买,优惠,3,个,包邮
5,包,邮出,POPMART,泡泡,玛特,Hirono,小野,小王子,系列,盲,盒,狐狸,和,扳道,工,拆盒,未,拆袋,39,一个,两个,一起,出
6,泡泡,玛特,小王子,系列,盲盒,玻璃,展示,瓶,小,隐藏,款,也,都,能,放,全新,我,定制,的,超厚,玻璃,加厚,实木,底座,玻璃,边缘,也,是,圆,的,星球,编号,B,612,背面,也,有,Le,petit,prince,也,是,和,小王子,手中,的,字体,保持一致,更,有,代入,感,黄圆,只卖,玻璃瓶,子,不,包含,娃,黄圆,这,是,我,的,小王子,盗图,投诉,由于,拍摄
7,国王,全新,未,拆封,的,泡泡,玛特,x,小王子,系列,中,的,国王,款,包装,完,整,适合,收藏,或,送礼,内含,小,零件,和,小球,不,适合,三岁,以下,儿童,确保,正品,有意者,欢迎,私聊,支持,验货,哦,不,包官,瑕,售出,不退,不换
8,小野,小王子,系列,玫瑰,拆盒,拆袋,仅,查看,点灯,人,蛇,三只,原价,打包,不包邮,保证,正品,拍,下,不退,不换,不,包官,瑕,不包,售后,不,包运,损,不单,卖
9,小野,小王子,系列,蛇,小商贩,扳道,工,酒鬼,座钟,POP,MART,泡泡,玛特,拆盒,未,拆袋,盒卡,齐全,单个,不包邮,标价,非实,拍价,点,我,想要,私信,盲盒,的,特殊性,下单,后,不支持,退货,不包,官方,瑕疵,感谢,理解,提醒,开箱,前,麻烦,拍一镜,到底,的,开箱,视频,先,把,快递,箱,6,面拍,一下,在,拍,单号,在,拆箱,拆盒,拆袋,拍摄,过程,不能,中断,如,有,断裂,少件,的,问题,提供,完整,的,开箱,视频,协助,官方,售后
10,泡泡,玛特,小野,小王子,系列,直播间,拍,下,拆盒,未,拆袋,蛇,x1,55,商人,x2,40,一个,虚荣,的,人,x2,40,一个,两个,起,包邮,打包,200,包邮,看好,拍,售出,不退,不换,不,包官,瑕,偏远地区,不包邮
11,盒机,转赠,泡泡,玛特,hirono,小野,小王子,系列,商人,地理学家,不议价,不换,娃,转赠,完成,后,需,及时,确认,收货,不包,售后
12,泡泡,玛特,小野,小王子,联名,系列,盒机,转赠,能,拍,就是,有,货
13,泡泡,玛特,小王子,系列,Hirono,x,Le,Petit,P,rince,联名,款,拆盒,未,拆袋,默认,官,瑕,有卡有,盒,拍下,后,可,提供,细节,视频,可换,可出,地理学家,可换,可,私聊,我
14,官方,盒机,转赠,泡泡,玛特,盲盒,hirono,prince,小王子,系列,国王,现货,官方,盒机,转赠,想要,可私,价格,可议,送花,送花,拿,多个,还,能,打折,红旗,红旗,红旗,红旗,红旗,火,火,玫瑰,160,蛇,55,下单,后,直接,转赠,到,你,的,官方,小,程序,盒柜,领取,转赠,后,需,确认,收货,转赠,后,不退,不换,灯泡,灯泡
15,盒机,转赠,小野,小王子,狐狸,53,虚荣,的,人,40,红玫瑰,145,不单,盒机,转赠,现货,售出,不退,不换,请,及时,确认,收货
16,出,泡泡,玛特,Hirono,小野,小王子,地理学家,有,瑕疵,发货,前会,拍照,确认,售出,后,不退,不换
17,邓紫棋,应援,摩天,动物园,蛇,泡泡,玛特,小王子,盲盒,玻璃,展示,瓶,全新,我,定制,的,超厚,玻璃,加厚,实木,底座,璃,边缘,也,是,圆,的,仔细,看,上面,有,小王子,星球,编号,呢,B,612,背面,也,有,他,的,名字,刻字,为,最新,的,3D,激光,立体,刻字,更,生动,红旗,只卖,玻璃瓶,子,不,包含,娃,蓝圆,图片,与,实物,可能,存在,色差,底座,纹理,随机,字体
18,小野,小王子,盒机,转赠,POPMART,泡泡,玛特,小野,Hirono,Le,Petit,Prince,手办,盲盒,礼物,1,已设,库存,能,拍,有,货,直接,下单,不用,问,2,仅,出售,不换,娃,3,看到,后,联系,您,转赠,4,超,24,小时,未,回复,默认,自动,发,官方,盒机,单拍,未,回复,不,发货,需要,支付,8,元,运费,保真,全新,未,拆封,不,拆盒,不,拆袋,带盒,卡,有,完整,开箱,视频,可以,找,泡泡,玛特,售后,换货,不,懂,的,我,可以,协助,售后,商人,45,酒鬼,45,扳道,工,45,点灯,人,45,小商贩,50,虚荣,的,人,50,地理学家,55,蛇,55,狐狸,55,国王,60,小王子,140,玫瑰,150,隐藏,款,飞行员,430,隐藏,款,小王子,700,整端,12,个,基础,款,780,整端,全新,塑封,800,有,概率,出,隐藏,顺丰,包邮,关于,转赠,1,在,泡泡,玛特,抽,盒机,VX,小,程序,2,vx,转赠,领取,后,自动,进入,你,的,盒,柜,3,盒柜,是,满,89,包邮,2,个,盲盒,4,有,瑕疵,官方,售后,5,收赠,后,请,及时,确认,收货,6,转赠,盲盒,无法,再次,赠送,7,盲盒,手办,特殊,售出,不退换,8,泡泡,玛特,抽盒,机直发,100%,正品,全新,未,拆,需要,注意,盲盒,转赠,性质,特殊,一经,转赠,不退,不换
19,泡泡,玛特,hirono,x,Hirnonox,Le,Petit,Prince,小野,小王子,系列,手办,抽,盒机,转赠,小王子,130,蛇,狐狸,地理学家,55,点灯,人,酒鬼,商人,扳道,工,40
20,泡泡,玛特,hirono,le,petit,prince,小野,小,王子,系列,手办,小王子,拆盒,未,拆袋,125,商人,拆盒,未,拆袋,35,有,两个,国王,拆盒,未,拆袋,48,地理学家,拆盒,未,拆袋,40,虚荣,的,人,拆盒,未,拆袋,35,蛇,盒机,确认,款,全新,未,拆,50,主页,满,200,包邮
21,现货,转赠,泡泡,玛特,Hirono,小野,x,小王子,联名,系列,玫瑰,地理学家,狐狸,国王,蛇,泡泡,玛特,官方,盒机,转赠,图上,五款,打包,69,5,345,原价,出,不单,出不散,出,注意事项,1,转赠,就是,转到,你,的,官方,盒机,小,程序,上面,2,转赠,后,不,撤回,售出,不退,不换,涨跌,也,不退,不换,3,转赠,后,发货,规则,和,官方,一致,4,转赠,后,的,娃,可以,和,你,自己,的,娃,一起,满,89r,包,邮寄,出
22,泡泡,玛特,小野,Le,Petit,Prince,小王子,系列,未,拆袋,确,认款,小商贩,扳道,工,狐狸,蛇,地理学家,点灯,人,商人,酒鬼,虚荣,的,人,国王,玫瑰,小王子,确认,款,拆盒,未,拆袋,盒卡,齐全,关注,下单,享,一单,包邮,所售,盲盒,保证,官方,正品,下单,按,订单,顺序,发货,一般,48,小时,内,发货,所售,盲盒,保证,官方,正版
23,泡泡,玛,铽,小野,小王子,系列,商人,商人,40,盒机,现货,转赠,诚心,要,的,来,可,小刀,大刀,就别,问,了
24,出,泡泡,玛特,小野,小王子,系列,盲盒,玫瑰,全新,未,拆袋,第一种,价格,已刀,160,包,邮出,发货,前发,打包,视频,不,包官,瑕,第二种,原价,和,扳道,工,虚荣,地理学家,狐狸,四选,三,一起,出,69,4,276,我,包邮选,好,我,改价,不要,直接,拍
25,非偏,包邮,泡泡,玛特,Hirono,小野,小王子,系列,小野,扳,道工,线下,盒机,推出,底部,拆盒,仅,拆盒,未,拆袋,盒卡全,不,包官,瑕,售出,后,不退,不换,和,地理学家,打包,68
26,泡泡,玛特,Hirono,小野,小王子,联名,系列,手办,盲盒,hot,小王子,玫瑰,国王,蛇,地理学家,小商贩,扳道,工,狐狸,点灯,人,商人,酒鬼,虚荣,的,人,官方,正品,防伪,可,查,接受,专柜,鉴定,确认,款,拆盒,未,拆袋,盒卡,齐全,快递,付款,后,24,小时,内,发货,一件,包邮,号,外,链接,在,即可,下单,需要
27,泡泡,玛特,小野,小王子,系列,商人,款,底部,拆盒,拆盒,未,拆袋,卡盒,齐全,西安,可以,自提,不,包官,瑕,不退,不换
28,泡泡,玛特,小王子,盲盒,玫瑰,展示,瓶,场景,展示,罩,小,隐藏,也,能,放,玻璃瓶,这,是,为,这款,玫瑰,小王子,精心设计,定制,的,加厚,玻璃,加厚,实木,底座,底座,颜色,与,小王子,玫瑰,基本,保持一致,仔细,看,它,也,可,刻有,小王子,的,星球,编号,B,612,和,他,的,名字,五角星,无需,咨询,直接,拍,五角星,图片,无,滤镜,直出,可能,与,实物,颜色,略有,色差,底座,纹理,随机,放大镜,选手,绕道,五角星,只卖,展示,瓶,不含,娃,盗图,投诉,五角星,大,号,瓶子,适合,家,人们,自己,Diy,和,创作,五角星,小号,瓶子,在,我,主页,另外,一个,链接
29,现货,盒机,转赠,POPMART,泡泡,玛特,小野,Hirono,Le,Petit,Prince,系列,盲盒,玫瑰,155,小王子,150,地理学家,55,蛇,55,国王,55,不换,娃,盒机,转赠,免邮,有,问题,可,自行,售后,注意,注意,这是,转赠,价,直接,转到,你,的,官方,小,程序,盒柜,自己,点,发货,如,你,盒,柜,不满,89,元则,要,收,8,元,邮费,如果,要,我,直接,发货,也,要,8,元,邮费,看清楚,再,拍,不想,闹,误会,因为,转赠,成功,没,办法,退回
30,现货,盒机,转赠,POP,MART,泡泡,玛特,1,SKULLPANDA,漫相集,系列,密,涅瓦,的,猫头鹰,75,元,余,0,已出,2,毕奇,PUCKY,波克,出发,系列,吓,走,怪兽,18,元,余,0,已出,3,名,侦探,柯南,游乐园,系列,铃木,园子,约会,女孩,44,元,余,14,CRYBABY,爱神,的,眼泪,系列,等,爱,的,玫瑰,红,60,元,余,0,已出,5,海绵,宝宝,好,朋友,系列,耕地,高手,39,元,余,16,海绵,宝宝,好,朋友,系列,我,是,派,大星,44,元,余,17,海绵,宝宝,好,朋友,系列,美味,蛋糕,69,元,余,28,小野,Hirono,x,Le,Petit,Prince,小王子,系列,地理学家,50,元,余,19,蛋仔,派对,缤纷,乐园,经典,系列,蛋小绿,55,元,余,110,SP,SKULLPANDA,毛绒,公仔,冬日,乐章,系列,变奏曲,90,元,余,111,SP,SKULLPANDA,毛绒,公仔,冬日,乐章,系列,可可,颂,88,元,余,112,小野,Hirono,回声,系列,把,我,吃掉,53,元,余,113,小野,Hirono,回声,系列,雨中,远航,85,元,余,114,小野,Hirono,回声,系列,别,靠近,我,59,元,余,115,小野,Hirono,回声,系列,在,你,身后,85,元,余,1,全新,未,拆封,盒卡,齐全,价格,美丽
31,出,泡泡,玛特,小野,小王子,系列,蛇,拆盒,未,拆,袋,不,包官,瑕,拍,下,不退换
32,盒机,转赠,小野,小王子,现货,大,隐藏,款,小王子,特别,款,650,玫瑰,搭,虚荣,的,人,2,酒鬼,4,个,原价,领取,后,需要,立即,确认,收货,一旦,赠出,不退,不换,不,售后
33,泡泡,玛特,小王子,系列,小野,仅,拆盒,未,拆袋,小王子,系列,现在,线下,都,断货,了,买,到,就是,赚,到,噢,没有,下架,就,还有,货,盲盒,类,商品,售出,以后,不退,不换,拍,下,默认,同意,国王,50,地理学家,50,扳道,工,30,酒鬼,30,电灯,人,30,打包,三个,以上,包邮
34,泡泡,玛特,小王子,系列,盲盒,Hirono,x,Le,Petit,Prince,联名,款,地理学家,角色,拆盒,未,拆袋,卡盒,齐全,正品,保证,不,包官,瑕,售出,不退,不换,非,偏远地区,包邮,感兴趣,的,小伙伴,快,来,联系,我,吧
35,小野,小王子,联名,泡泡,玛特,hirono,小王子,系列,整端,有,大盒,12,个,不,重复,基础,款,仅,拆盒,确认,拆盒,未,拆袋,非,偏远,包顺丰,清,个人,闲置,发出,不退,不换,不,包官,瑕,和,运损,北京,可自提,另有,单独,的,拆盒,未,拆袋,虚荣,的,人,20,国王,42,玫瑰,140,单独,的,拍,3,个,包邮,另有,盒机,转赠,国王,52,玫瑰,150
36,POP,MART,泡泡,玛特,小野,小王子,系列,盲盒,点灯,人,40,商人,40,小商贩,50,现货,盒机,转赠,喜欢,的,可以,直接,下单,哦,不议价
37,POPMART,泡泡,玛特,Hirono,小野,小王子,联名,系列,盲盒,潮,玩,摆件,手办,礼物,拆到,同款,了,出,了
38,泡泡,玛特,小野,小王子,系列,盒机,款式,全新,未,拆盒,未,拆袋,国王,包邮非,偏远,默认,官,瑕,不包,售后,拍,下,不退,不换
39,现货,包邮,正版,盲盒,泡泡,玛特,小野,小王子,系列,小野,小王子,系列,全新,盲盒,全新,未,拆盒,未知,款式,散盒,散盒,玩,一番,赏中,的,标价,为,包邮价,可以,直拍,售出,后,不退,不换,未,拆袋,的,不,包官,瑕,售后,仅凭,一镜,到底,开箱,视频
40,正版,泡泡,玛特,小野,小王子,系列,盲盒,商贩,无盒,无卡,无,配件,有,瑕疵,公仔,只有,人仔
41,包邮,小王子,系列,身份,卡,一套,基础,款,12,个加,小,隐藏,身份,卡多加,20,元
42,现货,泡泡,玛特,小王子,系列,封面,款,盲盒,玻璃,展示,瓶,小,隐藏,款,也,都,能,放,全新,我,定制,的,超厚,玻璃,加厚,实木,底座,玻璃,边缘,也,是,圆,的,星球,编号,B,612,背面,也,有,Le,petit,prince,也,是,和,小王子,手中,的,字体,保持一致,更,有,代入,感,五角星,只卖,玻璃瓶,子,不,包含,娃,五角星,由于,拍摄角度,和,光线,不,一样,实
43,哭娃,粉白,封面,款,小野,小王子,系列,dimoo,一盏,风月,sp,冬日,乐章,变奏曲,全部,原价,转,不是,标价,多个,可,讲价,抽盒机,直接,转赠,需,绿,泡泡,不退,不换,不,包官,瑕,POP,MART,泡泡,玛特
44,标价,包,邮出,小野,蛇,小王子,联名,系列,泡泡,玛特,POP,MART,全新,拆盒,未,拆袋
45,原价,小野,小王子,系列,盲盒,拆盒,未,拆袋,三个,方案,玫瑰,商人,小商贩,蛇,一组,三个,原价,玫瑰,狐狸,粗心,猎手,一组,三个,原价,玫瑰,狐狸,蛇,小商贩,商人,一组,四个,原价,只出,不换,不可,直拍,有意,私,现货,24,小时,内,发货,特殊,商品,一经,出售,不退,不换
46,盒机,转赠,现货,小野,小王子,系列,需要,哪个,联系,改价,国王,55,蛇,50,已出,狐狸,45,已出,小商贩,40,已出,商人,35,已出,扳道,工,35,已出,点灯,人,35,已出,虚荣,的,人,35,已出,地理学家,47,已出,酒鬼,32,已出,盒机,转赠,现货,直发,可,直接,转赠
47,退坑,出娃,泡泡,玛特,正品,二代,小王子,系列,飞行家,闲置,退坑,拆盒,拆袋,介意,慎拍,目测,无瑕,无,把玩,主页,两娃,包邮
48,POP,MART,泡泡,玛特,小野,小王子,系列,地理学家,瑕疵,如图,无盒,卡有,瑕,缺配,标价,包邮拍,下,默认,瑕疵,特殊,商品,不退,不换,偏远地区,不包邮
49,小野,小王子,系列,小商贩,拆盒,未,拆袋,盒卡,齐全,保,正品,假一,赔,三,盲盒,特殊性,售出,不退,不换,不,包官,瑕,包邮,喜欢,直接,拍,下,第二天,立马,发出
50,小野,小王子,系列,盲盒,整端,拆盒,未,拆袋,底部,开盒,灯泡,小王子,玫瑰,狐狸,蛇,地理学家,国王,酒鬼,小商贩,商人,扳道,工,点灯,人,虚荣,的,人,钉子,购物,须知,灯泡,因盲,盒,的,特殊性,下单,后,不支持,退货,不包,官方,瑕疵,感谢,理解,灯泡,开箱,前,麻烦,拍一镜,到底,的,开箱,视频,单,号,先拍,清楚,在,开箱,到,开盒,到,拆袋,全程,拍,视频,不能,中断,不包,官方,瑕疵,包,断裂,少,配件,的话,补,配件,灯泡,我,的,信用,和,评价,说明,一切,我,不会,浪费时间,和,疑心病,患者,以及,泡泡,玛特,新手,解释,是不是,正品,等,问题,如果,怀疑,请,去,找,别人,买,谢谢,问,出,此类,问题,一律,拉黑,灯泡,对,有,礼貌,爽快,的,买家,态度,非常,好,打包,我,也,会,超级,细心,争取,尽快,发出,灯泡,不议价,议价,不回,链接,在,就,可以,直接,拍,不需要,在,吗,在,吗,问个,不停
51,小野,地理学家,小野,小王子,系列,Hirono,小野,全新,未,拆盒,盒机,确认,款,全新,正品,非,偏远地区,包邮,不,包官,瑕,售出,不退,不换,闲鱼币,仅,用于,曝光,不,用于,抵扣
52,出,小野,小王子,系列,蛇,仅,拆盒,卡盒,齐全,只出,复数,不换,娃,不,包官,瑕,不包,运输,盒损,可以,直拍,不议价,售出,概,不退换,看好,再,下单,哦,标价,包邮,偏远地区,部分,需补邮,拍,一个,选项,就是,只有,一个,默认,拍下,后,23,号,后,发货,等,旅游,回来,后,发货
53,出,泡泡,玛特,小野,小王子,系列,盲盒,玫瑰,全新,仅,拆袋,线上,盲盒,机,抽,的,有,购买,记录,盒证袋,全在,第一种,价格,已刀,160,包,邮出,发货,前会,视频,360,确认,商品,完好,度,第二种,原价,和,扳道,工,商人,一起,出,69,3,207,我,包邮选,好,我,改价,不要,直接,拍
54,盒机,现货,转赠,泡泡,玛特,Hirono,Le,Petit,Pr,ince,小野,小王子,系列,手办,盲盒,礼物,地理学家,51,点灯,人,38,国王,52,蛇,51,小商贩,45,不议价,不包邮,需要,可,拍,下,后,联系,改价,盒机,秒,转,被害,妄想症,勿扰,转完,请,及时,确认,收货
55,泡泡,玛特,小王子,系列,地理学家,机器人,商店,购买,拆盒,未,拆袋,仅,拆盒,确认,款式,非,偏远,包邮,不,包官,瑕,售出,不退,不换
56,小野,小王子,系列,蛇,拆盒,未,拆袋,包邮,不,包官,瑕,不退,不换
57,标价,包,邮出,小野,扳道,工,小王子,联名,系列,泡泡,玛特,POP,MART,全新,拆盒,未,拆袋
58,泡泡,玛特,小野,小王子,系列,商人,款,拆盒,未,拆袋,卡盒,齐全,品相,完好,不,包官,瑕,售出,不退,不换,全国,发货,偏远地区,补,差价,感兴趣,的话,点,我,想要,和,我,私聊,吧
59,出,小王子,和,玫瑰,泡泡,玛特,Hirono,小野,联名,款,超,可爱,手办,小王子,或者,玫瑰,捆二出,或者,小王子,玫瑰,275,盒卡,齐全,拆袋,未,拆盒,全新,正品,品质,保证,小王子,系列,经典,故事,角色,收藏,必备,不,包官,瑕,售出,不退,不换,介意,勿,拍
60,POPMART,泡泡,玛特,Hirono,小野,小王子,联名,系列,地理学家,现货,盒机,确认,款未,拆盒,盒卡,齐全,不,包官,瑕,及,运损,不退,不换
61,包邮,泡泡,玛特,小野,小王子,系列,国王,拆盒,未,拆袋,不,包官,瑕,售出,不退,不换
62,盒机,转赠,现货,泡泡,玛特,小野,小王子,Hirono,x,Le,Petit,Prince,系列,手办,飞行员,隐藏,430,玫瑰,160,小王子,145,狐狸,60,地理学家,60,蛇,60,国王,60,售出,不退,不换,私聊,改价
63,泡泡,玛特,小野,小王子,虚荣,的,人,商人,扳道,工,小商贩,默认,厂,瑕,不,包官,瑕,拆盒,未,拆袋,卡盒,齐全,实物,很,精致,图片,仅供参考,发出,的,都,是,未,拆袋,全部,120,元非,偏远地区,包邮,售出,不换,不退,拍下,48,小时,内,发货
64,现货,泡泡,玛特,小野,let,petit,prince,小,王子,原价,出,需搭图,三中,的,四个,娃,五个,原价,出,345,包邮非,偏远,拍前,联系,我,改价,乱,拍发,zisga,门店,购入,官方,正品,不,包官,瑕,单买,小王子,145,江浙沪,包邮,均,为,拆盒,未,拆袋,底部,开盒,且,粘,好,盒卡齐,配件,未,拆,且,外盒,全新,无,划痕,适合,送人,因盲,盒,为,特殊,商品,售出,不退换,同城,可,面交
65,泡泡,玛特,小野,小王子,系列,扳道,工,全新,拆盒,未,拆袋,仅,查看,款式,售出,不退,不换,不,包官,瑕,主页,两只,包邮
66,POP,MART,泡泡,玛特,小野,小王子,系列,蓝圆,可换,娃,蓝圆,可,转赠,蓝圆,可,现在,官方,发货,直出,小野,小王子,系列,盒机,可以,直接,发货,小王子,130,玫瑰,150,飞行员,385,国王,55
67,好价,盒机,转赠,小野,回声,系列,重塑,预售,现货,全新,未,拆,盒,机,预售,款,泡泡,玛特,小野,小王子,售价,都,在,图上,注意,雨中,远航,一带,二,原价,3,带,湮没,可,一带,一,原价,2,盒机,转赠,直接,发,你,盒,柜,要,哪些,联系,拍下,改价,盒机,直发,无,转赠,次数,了,出货,改,地址,的,单个,官方,发货,不包邮,两个,包只,与,清楚,转赠,规则,玩家,交易,抽盒,机端,邮费,买家,自理,盒柜,两只,包邮,售后,不退,不换,出逃,计划,捡,到,幸运,別,靠近,我,重拾,碎片,湮没,寄生,膨胀,失乐园,重塑,系列,狐狸,借名,消逝,树偶,傀儡,愈合,偏航,在,你,身后,雨中,远航,不愿,醒来,灵魂,交互,灵魂,交换,雨中,远航,在,你,身后,灵魂,互换,灵魂,交换
68,出,小野,小王子,系列,国王,仅,拆盒,卡盒,齐全,只出,复数,不换,娃,不,包官,瑕,不包,运输,盒损,可以,直拍,不议价,售出,概,不退换,看好,再,下单,哦,标价,包邮,偏远地区,部分,需补邮,拍,一个,选项,就是,只有,一个,默认,拍下,后,23,号,后,发货,等,旅游,回来,后,发货
69,小王子,泡泡,玛特,玫瑰,造景,8,12,软木塞,永生,花,红色,a,级,玫瑰,两朵,高品质,只有,造景,没有,娃,纯手工,玻璃罩,加上,草坪,玫瑰花,约,20,颗,52,一个,造景,还,包邮,赚,的,辛苦费,适合,不,喜欢,大型,造景,占,空间,的,姐妹,小而,精致,不用,自己,组装,我,给,你,做好,发,过去,定金,15.6,不可,退,4,7,天内,发货,快,的话,2,3,天付,完,尾款,就,发含,定金,一起,52,包邮急单,10r,包普邮,再,急,一点,就,顺丰到,付,可以,选择,花放,左边,花放,两边,花放,左边,娃要,偏右,一点点,右侧,底部,的,小,玫瑰花,也,更,紧凑,不,钻研,细节,的话,其实,都,大,差不差,未,特别,说明,的话,我,随便,做
70,出,泡泡,玛特,小野,小王子,系列,虚荣,的,人,拆,盒,未,拆袋,不,包官,瑕,拍,下,不退换
71,泡泡,玛特,小野,小王子,系列,国王,感兴趣,的话,点,我,想要,和,我,私聊,吧
72,出,POP,MART,泡泡,玛特,小野,小王子,系列,地理学家,卡盒,齐全,已,拆袋,包正,默认,微,瑕,主页,任意,三单,包邮非,偏远地区,一单,6r,邮,两单,3r,邮售,出,不退,不换,收到,请,录制,开箱,视频,拍前,请,联系,有无,库存,图为,实拍
73,小野,小王子,系列,泡泡,玛特,盒机,转赠,国王,55,地理学家,50,商人,40,狐狸,50,下单,联系,改价
74,泡泡,玛特,小王子,盲盒,玫瑰,展示,瓶,展示,罩,小,隐藏,也,能,放,这,是,为,这款,玫瑰,小王子,精心设计,定制,的,加厚,玻璃,加厚,实木,底座,红色,底座,颜色,与,小王子,玫瑰,基本,保持一致,仔细,看,它,也,可,刻有,小王子,的,星球,编号,B,612,和,他,的,名字,现已,全,按照,图,1,新,版本,的,字体,来,做,五角星,无需,咨询,直接,拍,五角星,图片,无滤
75,泡泡,玛特,小王子,系列,小王子,玫瑰,均,为,搭,二,不能,同时,选,狐狸,国王,原价,出,小王子,玫瑰,一起,搭五,无,限制,原价,出,小商贩,商人,扳道,工,虚荣,点灯,人均,40,狐狸,国王,50,最少,两个,起,拍,包邮
76,泡泡,玛特,小王子,系列,玫瑰,已出,145,包邮,是,未,拆盒,拆袋,全网,最低,这,款,议价,不回,小野,默剧,系列,隐藏,电视机,739,包邮,国王,55,包邮,地理学家,49,包邮,1,面包,脑袋,molly,汉堡,和,热狗,换,芭蕾,也,可以,汉堡,换,面包,鞋,只要,汉堡,69,不包邮,2,泡泡,玛特,crybaby,爱神,的,眼泪,盲盒,手办,3,迪士尼,皮克斯,惊魂,夜,系列,拆盒,未,拆袋,幽灵,羊,43,拆盒,未,拆袋,弹簧,狗,38,拆盒,拆袋,盒卡,齐全,两个,79,包邮未,拆袋,的,不,包官,瑕,不退,不换
77,泡泡,玛特,小野,小王子,系列,小王子,出,69,出搭图,二三个,点灯,人,酒鬼,虚荣,的,人,扳道,工,商人,国王,蛇,自选,三款,现货,盒机,转赠,转赠,成功,不退,不换,盒机,转赠,后,自行,进入,泡泡,玛特盒,柜,发货
78,盒机,转赠,泡泡,玛特,小王子,系列,小野,盲盒,转赠,盒机,转赠,秒,转,秒,确认,玫瑰,150,点灯,人,40,扳道,工,40,酒鬼,40,打包,任选,两个,减,5,不再,议价,啦
79,盒机,现货,转赠,泡泡,玛特,小野,小王子,系列,盲盒,手办,官方,小,程序,抽盒机,现货,转赠,现货,全新,官方,发货,可,自己,售后,库存,是,实时,更新,的,能选,的,就是,还有,货哟,新手,宝子,可以,先,了解,下,抽,盒机,转赠,规则,哟
80,泡泡,玛特,小野,小王子,玫瑰,现货,小王子,需,搭配,A,B,各选,一个,原价,207,玫瑰,需,搭配,A,B,C,各选,一个,原价,276,现货,拆盒,未,拆袋,包非,偏远,喜欢,的,快,来,有意,私聊,要,哪款,乱,拍,勿扰,哈,乱,拍,不,发货,呦,不,包官,瑕,拍,下,不退,不换,可单,拍,小王子,150,玫瑰,168
81,现货,盒机,转赠,泡泡,玛特,小野,小王子,系列,小王子,全新,盒机,转赠,三只,打包,出现,货
82,POP,MART,泡泡,玛特,小野,小王子,系列,狐狸,泡泡,玛特,小王子,系列,狐狸,拆盒,未,拆袋,耳朵,把,袋子,顶破,了,有,个,白点,配件,卡片,齐全,不,包官,瑕,拍,下,不退,不换,包邮,可,直拍,不包,偏远
83,全新,拆盒,未,拆袋,popmart,小王子,虚荣,的,人,单个,不议价,不换,会,确认,收货,爽快,的,来,议价,不回,出,闲置,不包,官方,瑕疵,卖出,不退,不换,拍下,到,发货,之间,退款,一律,不接受,请,考虑,清楚,在,拍,请,自己,填对,地址,发货,后,不,负责,更改,地址,避免,快递,配送,错误,以及,无法,赔偿,全新
84,泡泡,玛特,小野,Hirono,x,小王子,系列,蛇,有卡有,盒,拆,盒,未,拆袋,正品,现货,不退,不换,不包邮,的,商品,首页,两单,包邮,有些,是,包邮,的,有,2,个
85,泡泡,玛特,小野,小王子,系列,国王,正品,拆盒,未,拆袋
86,出,泡泡,玛特,Hirono,小王子,系列,盲盒,潮流,盲盒,手办,POP,MART,泡泡,玛特,商人,拆盒,拆袋,卡盒,齐全,售出,后,不退,不换,无暇
87,ppmt,小王子,Le,Petit,Prince,系列,虚荣,的,人盒,卡,齐全,盲盒,产品,快递,发出,后,不退,不换,主页,两单,包邮单,u6r
88,出盒机,转赠,小野,小王子,系列,商人,现货,泡泡,玛特,微信,抽盒,机小,程序,直接,转赠,转赠,到,你,的,盒,柜满,89,包邮,转赠,完,不退,不换,感兴趣,的话,点,我,想要,和,我,私聊,吧
89,小野,小王子,系列,盲盒,小商贩,拆盒,未,拆袋,贺卡,配件,全,50,包,邮出,感兴趣,的话,点,我,想要,和,我,私聊,吧
90,泡泡,玛特,小王子,系列,酒鬼
91,小野,小王子,系列,狐狸,本身,就是,做,旧,介意,的,勿,拍,重复,了,只出,不换,拆袋,仅,摆放,盒卡齐,不,包官,瑕,包邮非,偏远,售出,不退换,POP,MART,泡泡,玛特,潮流,盲盒,手办
92,包,邮出,小野,小王子,系列,泡泡,玛特,盲盒,手办,小商贩,45,包邮,地理学家,47,包邮,拆盒,未,拆袋,下单,不退,不换
93,拆盒,未,拆袋,小野,小王子,系列,虚荣,的,人,仅,拆盒,卡盒,齐全,不,包官,瑕,不包,运输,盒损,售出,概,不退换,看好,再,下单,哦,标价,包邮,偏远地区,部分,需补邮
94,泡泡,玛特,小野,小王子,系列,国王,全新,拆盒,未,拆袋,仅,查看,款式,售出,不退,不换,不,包官,瑕,主页,两只,包邮
95,闲置,小王子,三丽鸥,zisiga,泡泡,玛特,盲盒,价格,可议,包邮,感兴趣,的话,点,我,想要,和,我,私聊,吧
96,小王子,系列,泡泡,玛特,全新,地理学家,有卡有,盒,未,拆袋,不包邮
97,泡泡,玛特,Hirono,小野,LePetit,Prince,小王子,系,列,虚荣,的,人,30,点灯,人,30,商人,30,酒鬼,30,扳道,工,30,地理学家,50,机器人,或,门店,购入,保证,正品,不,包官,瑕,拆盒,未,拆袋,售出,不退,不换,谢绝,到手,刀,2,个,非,偏远地区,包邮
98,非偏,包邮,泡泡,玛特,Hirono,小野,小王子,系列,小,野地,理学家,线下,盒机,推出,底部,拆盒,仅,拆盒,未,拆袋,盒卡全,不,包官,瑕,售出,后,不退,不换,和,扳道,工,打包,68
99,泡泡,玛特,小王子,系列,扳道,工
100,泡泡,玛特,小野,小王子,系列,门店,抽到,的,小商贩,全新,拆盒,未,拆袋,不,包官,瑕,售出,不退,不换,谢谢,理解,45,非,偏远地区,包,邮出
