排名,编号,推荐指数,核心亮点,详细分析
1,2,8.0,商品描述清晰，明确标注了各款式的价格和包邮政策；正版盒卡齐全，保证了商品的完整性,"{""score"": 8.0, ""reasons"": [""商品描述清晰，明确标注了各款式的价格和包邮政策"", ""正版盒卡齐全，保证了商品的完整性"", ""提供多个款式选择，且价格合理"", ""一单包邮，两个-5米的优惠活动增加了购买吸引力""], ""suggestion"": ""建议卖家在商品描述中增加售后政策，如退换货条款，以提高买家的信任度。"", ""error"": """", ""raw"": {""score"": 8, ""reasons"": [""商品描述清晰，明确标注了各款式的价格和包邮政策"", ""正版盒卡齐全，保证了商品的完整性"", ""提供多个款式选择，且价格合理"", ""一单包邮，两个-5米的优惠活动增加了购买吸引力""], ""suggestion"": ""建议卖家在商品描述中增加售后政策，如退换货条款，以提高买家的信任度。""}}"
2,22,8.0,亮点1：商品完整性高，盒卡齐全且未拆袋；亮点2：提供全国包邮服务,"{""score"": 8.0, ""reasons"": [""亮点1：商品完整性高，盒卡齐全且未拆袋"", ""亮点2：提供全国包邮服务"", ""亮点3：保证官方正品，可信度较高"", ""亮点4：发货速度较快，一般48小时内发货""], ""suggestion"": ""可以进一步明确售后政策，如退换货的具体条款，以增加买家的信任度。"", ""error"": """", ""raw"": {""score"": 8, ""reasons"": [""亮点1：商品完整性高，盒卡齐全且未拆袋"", ""亮点2：提供全国包邮服务"", ""亮点3：保证官方正品，可信度较高"", ""亮点4：发货速度较快，一般48小时内发货""], ""suggestion"": ""可以进一步明确售后政策，如退换货的具体条款，以增加买家的信任度。""}}"
3,26,8.0,官方正品，防伪可查，接受专柜鉴定；确认款拆盒未拆袋（盒卡齐全）,"{""score"": 8.0, ""reasons"": [""官方正品，防伪可查，接受专柜鉴定"", ""确认款拆盒未拆袋（盒卡齐全）"", ""付款后24小时内发货（一件包邮）""], ""suggestion"": ""建议明确售后政策，如退换货的具体条款，以增加买家信任度。"", ""error"": """", ""raw"": {""score"": 8, ""reasons"": [""官方正品，防伪可查，接受专柜鉴定"", ""确认款拆盒未拆袋（盒卡齐全）"", ""付款后24小时内发货（一件包邮）""], ""suggestion"": ""建议明确售后政策，如退换货的具体条款，以增加买家信任度。""}}"
4,18,7.0,带盒卡且全新未拆封，商品完整性高；提供完整开箱视频支持官方售后换货,"{""score"": 7.0, ""reasons"": [""带盒卡且全新未拆封，商品完整性高"", ""提供完整开箱视频支持官方售后换货"", ""价格合理，基础款45元符合市场价"", ""明确说明转赠流程和售后政策"", ""顺丰包邮（整端购买）""], ""suggestion"": ""建议买家在购买前确认好款式和数量，避免因沟通不及时产生额外运费。同时，由于不退换政策，建议仔细检查商品描述和图片，确保符合预期。"", ""error"": """", ""raw"": {""score"": 7, ""reasons"": [""带盒卡且全新未拆封，商品完整性高"", ""提供完整开箱视频支持官方售后换货"", ""价格合理，基础款45元符合市场价"", ""明确说明转赠流程和售后政策"", ""顺丰包邮（整端购买）""], ""risk_points"": [""单拍未回复需支付8元运费"", ""转赠盲盒无法再次赠送且不退换"", ""超24小时未回复默认发官方盒机""], ""suggestion"": ""建议买家在购买前确认好款式和数量，避免因沟通不及时产生额外运费。同时，由于不退换政策，建议仔细检查商品描述和图片，确保符合预期。""}}"
5,39,7.0,全新未拆盒，商品完整性高；包邮价格合理,"{""score"": 7.0, ""reasons"": [""全新未拆盒，商品完整性高"", ""包邮价格合理"", ""售后政策明确（凭开箱视频售后）"", ""售出后不退不换，存在一定风险""], ""suggestion"": ""建议卖家提供更详细的商品来源信息以增加可信度，并考虑提供更灵活的退换政策以吸引更多买家。"", ""error"": """", ""raw"": {""score"": 7, ""reasons"": [""全新未拆盒，商品完整性高"", ""包邮价格合理"", ""售后政策明确（凭开箱视频售后）"", ""售出后不退不换，存在一定风险""], ""suggestion"": ""建议卖家提供更详细的商品来源信息以增加可信度，并考虑提供更灵活的退换政策以吸引更多买家。""}}"
6,76,6.0,商品描述中提到是未拆盒拆袋，商品完整性较好；价格55.0相对市场均价较为合理,"{""score"": 6.0, ""reasons"": [""商品描述中提到是未拆盒拆袋，商品完整性较好"", ""价格55.0相对市场均价较为合理"", ""物流服务中提到包邮，但未明确包邮范围"", ""售后政策中提到不退不换，存在一定风险""], ""suggestion"": ""建议卖家明确包邮范围，并考虑提供一定的退换政策以增加买家信任。同时，可以详细描述商品的成色和状态，避免后续纠纷。"", ""error"": """", ""raw"": {""score"": 6, ""reasons"": [""商品描述中提到是未拆盒拆袋，商品完整性较好"", ""价格55.0相对市场均价较为合理"", ""物流服务中提到包邮，但未明确包邮范围"", ""售后政策中提到不退不换，存在一定风险""], ""suggestion"": ""建议卖家明确包邮范围，并考虑提供一定的退换政策以增加买家信任。同时，可以详细描述商品的成色和状态，避免后续纠纷。""}}"
7,21,6.0,商品为官方盒机转赠，来源可靠；价格与原价一致，无溢价,"{""score"": 6.0, ""reasons"": [""商品为官方盒机转赠，来源可靠"", ""价格与原价一致，无溢价"", ""支持满89元包邮"", ""售出不退不换，存在交易风险"", ""不单出不散出，购买灵活性低""], ""suggestion"": ""建议卖家提供部分退换政策以增加买家信任，同时考虑允许单出或散出以提高交易灵活性。"", ""error"": """", ""raw"": {""score"": 6, ""reasons"": [""商品为官方盒机转赠，来源可靠"", ""价格与原价一致，无溢价"", ""支持满89元包邮"", ""售出不退不换，存在交易风险"", ""不单出不散出，购买灵活性低""], ""suggestion"": ""建议卖家提供部分退换政策以增加买家信任，同时考虑允许单出或散出以提高交易灵活性。""}}"
8,30,6.0,商品描述中提到'全新未拆封，盒卡齐全'，说明商品完整性良好；价格39元相对合理，尤其是对于泡泡玛特这类收藏品,"{""score"": 6.0, ""reasons"": [""商品描述中提到'全新未拆封，盒卡齐全'，说明商品完整性良好"", ""价格39元相对合理，尤其是对于泡泡玛特这类收藏品"", ""商品描述中未提及具体的售后政策和物流服务，存在一定的不确定性"", ""卖家未明确说明退换货条款和质保期限，增加了购买风险""], ""suggestion"": ""建议卖家在商品描述中补充详细的售后政策和物流信息，例如是否支持退换货、是否有质保期限、是否包邮等，以提高买家的信任度和购买意愿。同时，可以考虑提供更多的商品图片或视频，以增加商品的吸引力。"", ""error"": """", ""raw"": {""score"": 6, ""reasons"": [""商品描述中提到'全新未拆封，盒卡齐全'，说明商品完整性良好"", ""价格39元相对合理，尤其是对于泡泡玛特这类收藏品"", ""商品描述中未提及具体的售后政策和物流服务，存在一定的不确定性"", ""卖家未明确说明退换货条款和质保期限，增加了购买风险""], ""suggestion"": ""建议卖家在商品描述中补充详细的售后政策和物流信息，例如是否支持退换货、是否有质保期限、是否包邮等，以提高买家的信任度和购买意愿。同时，可以考虑提供更多的商品图片或视频，以增加商品的吸引力。""}}"
9,59,6.0,亮点1：商品描述详细，明确说明是全新正品，盒卡齐全，拆袋未拆盒，增加了商品的可信度。；亮点2：价格合理，69.0元对于泡泡玛特Hirono小野联名款手办来说，具有一定的吸引力。,"{""score"": 6.0, ""reasons"": [""亮点1：商品描述详细，明确说明是全新正品，盒卡齐全，拆袋未拆盒，增加了商品的可信度。"", ""亮点2：价格合理，69.0元对于泡泡玛特Hirono小野联名款手办来说，具有一定的吸引力。"", ""风险点1：售后政策较为严格，明确表示售出不退不换，且不包官瑕，可能增加购买风险。"", ""风险点2：物流服务未提及，缺乏包邮范围和发货速度的信息，可能影响购买体验。""], ""suggestion"": ""建议卖家在商品描述中补充物流服务的具体信息，如是否包邮、发货时间等，以提高买家的购买信心。同时，可以考虑提供更灵活的售后政策，如在一定期限内接受退换货，以吸引更多潜在买家。"", ""error"": """", ""raw"": {""score"": 6, ""reasons"": [""亮点1：商品描述详细，明确说明是全新正品，盒卡齐全，拆袋未拆盒，增加了商品的可信度。"", ""亮点2：价格合理，69.0元对于泡泡玛特Hirono小野联名款手办来说，具有一定的吸引力。"", ""风险点1：售后政策较为严格，明确表示售出不退不换，且不包官瑕，可能增加购买风险。"", ""风险点2：物流服务未提及，缺乏包邮范围和发货速度的信息，可能影响购买体验。""], ""suggestion"": ""建议卖家在商品描述中补充物流服务的具体信息，如是否包邮、发货时间等，以提高买家的购买信心。同时，可以考虑提供更灵活的售后政策，如在一定期限内接受退换货，以吸引更多潜在买家。""}}"
10,66,6.0,价格合理（55元，低于部分同系列商品价格）；可换娃、可转赠，增加交易灵活性,"{""score"": 6.0, ""reasons"": [""价格合理（55元，低于部分同系列商品价格）"", ""可换娃、可转赠，增加交易灵活性"", ""官方发货直出，保证商品来源正规""], ""suggestion"": ""建议卖家提供更详细的商品成色描述（如是否带盒、是否有瑕疵）和明确的售后政策（如退换货条件），以提升买家信任度。"", ""error"": """", ""raw"": {""score"": 6, ""reasons"": [""价格合理（55元，低于部分同系列商品价格）"", ""可换娃、可转赠，增加交易灵活性"", ""官方发货直出，保证商品来源正规""], ""suggestion"": ""建议卖家提供更详细的商品成色描述（如是否带盒、是否有瑕疵）和明确的售后政策（如退换货条件），以提升买家信任度。""}}"
