编号,推荐指数,价格,介绍
2,8.0,29.0,POPMART泡泡玛特小野小王子系列Hirono×Le Pe tit Prince手办盲盒小商贩：39包邮（未拆袋）虚荣的人：29包邮（未拆袋）点灯人：34包邮（未拆袋）酒鬼：37包邮（未拆袋）国王：54包邮（未拆袋）狐狸：50包邮（未拆袋）玫瑰：150包邮（未拆袋）一单包邮，两个-5米正版盒卡齐全，喜欢直接拍或者联系改价
22,8.0,39.0,泡泡玛特小野Le Petit Prince小王子系列未拆袋确 认款  小商贩 扳道工 狐狸 蛇 地理学家 点灯人 商人 酒鬼 虚荣的人 国王 玫瑰 小王子    确认款拆盒未拆袋【盒卡齐全】 关注下单享【一单包邮】 所售盲盒保证【官方正品】 下单按订单顺序发货一般48小时内发货  所售盲盒保证官方正版...
26,8.0,30.0,泡泡玛特Hirono小野小王子联名系列手办盲盒 [hot]小王子 玫瑰 国王 蛇 地理学家 小商贩 扳道工 狐狸  点灯人 商人 酒鬼 虚荣的人  ✅官方正品，防伪可查，接受专柜鉴定 ✅确认款拆盒未拆袋（盒卡齐全） [快递]付款后24小时内发货（一件包邮） [号外]链接在即可下单，需要...
18,7.0,45.0,小野小王子盒机转赠，POPMART泡泡玛特小野Hirono× Le Petit Prince 手办盲盒礼物1️⃣ 已设库存→能拍=有货，直接下单不用问2️⃣ 仅出售不换娃3️⃣ 看到后联系您转赠4️⃣ 超24小时未回复默认自动发官方盒机，单拍未回复不发货，需要支付8元运费（保真+全新未拆封不拆盒不拆袋，带盒卡)有完整开箱视频可以找泡泡玛特售后换货，不懂的我可以协助售后商人 ¥45 酒鬼 ¥45扳道工 ¥45点灯人 ¥45小商贩 ¥50虚荣的人 ¥50地理学家 ¥55蛇 ¥55狐狸 ¥55国王 ¥60小王子 ¥140玫瑰 ¥150隐藏款-飞行员 ¥430隐藏款-小王子 ¥700整端12个基础款 ¥780整端全新塑封 ¥800（有概率出隐藏，顺丰包邮）关于转赠：（1）在泡泡玛特抽盒机VX小程序  （2）➕vx转赠，领取后自动进入你的盒柜（3）盒柜是满89包邮(2个盲盒)（4）有瑕疵官方售后（5）收赠后请及时确认收货（6）转赠盲盒无法再次赠送（7）盲盒手办特殊，售出不退换（8）泡泡玛特抽盒机直发，100%正品全新未拆需要注意！⚠️盲盒转赠性质特殊，一经转赠，不退不换。
39,7.0,63.0,【现货包邮】正版盲盒泡泡玛特 小野 小王子系列 ⭐️小野 小王子系列 全新盲盒 ⭐️全新未拆盒  未知款式，散盒 ⭐️散盒，玩一番赏中的  标价为包邮价，可以直拍～  售出后不退不换，未拆袋的不包官瑕 售后仅凭一镜到底开箱视频
76,6.0,55.0,#泡泡玛特 小王子系列 玫瑰已出145包邮 是未拆盒拆袋！！！全网最低，这款议价不回小野默剧系列 隐藏电视机 739包邮  国王55包邮 地理学家49包邮1.面包脑袋 molly 汉堡和热狗换 芭蕾 也可以汉堡换面包鞋 只要汉堡69不包邮 2.泡泡玛特 crybaby爱神的眼泪盲盒手办3.迪士尼 皮克斯惊魂夜系列 拆盒未拆袋幽灵羊43 拆盒未拆袋 弹簧狗 38拆盒拆袋 盒卡齐全两个79包邮未拆袋的不包官瑕不退不换
21,6.0,69.0,【现货转赠】泡泡玛特 Hirono小野 x 小王子联名系列 玫瑰 地理学家 狐狸 国王 蛇泡泡玛特官方盒机转赠图上五款打包69*5=345原价出不单出不散出⚠️注意事项：1️⃣转赠就是转到你的官方盒机小程序上面2️⃣转赠后不撤回，售出不退不换！涨跌也不退不换！3️⃣转赠后发货规则和官方一致4️⃣转赠后的娃可以和你自己的娃一起满89r包邮寄出
30,6.0,39.0,【现货 盒机转赠】POP MART/泡泡玛特 1.SKULLPANDA漫相集系列-密涅瓦的猫头鹰 75元/余0（已出）2.毕奇PUCKY波克出发系列-吓走怪兽 18元/余0（已出）3.名侦探柯南游乐园系列-铃木园子-约会女孩 44元/余14.CRYBABY爱神的眼泪系列-等爱的玫瑰-红 60元/余0（已出）5.海绵宝宝好朋友系列-耕地高手 39元/余16.海绵宝宝好朋友系列-我是派大星 44元/余17.海绵宝宝好朋友系列-美味蛋糕 69元/余28.小野Hirono x Le Petit Prince小王子系列-地理学家 50元/余19.蛋仔派对：缤纷乐园经典系列-蛋小绿 55元/余110.SP SKULLPANDA毛绒公仔冬日乐章系列-变奏曲 90元/余111.SP SKULLPANDA毛绒公仔冬日乐章系列-可可颂 88元/余112.小野Hirono回声系列-把我吃掉 53元/余113.小野Hirono回声系列-雨中远航 85元/余114.小野Hirono回声系列-别靠近我 59元/余115.小野Hirono回声系列-在你身后 85元/余1全新未拆封，盒卡齐全。价格美丽！
59,6.0,69.0,出小王子和玫瑰，泡泡玛特Hirono小野联名款，超可爱手办！ 小王子或者玫瑰捆二出 或者小王子➕玫瑰275盒卡齐全，拆袋未拆盒，全新正品，品质保证。小王子系列，经典故事角色，收藏必备。不包官瑕，售出不退不换，介意勿拍。️
66,6.0,55.0,#POP MART/泡泡玛特    小野  小王子系列[蓝圆 ]可换娃 [蓝圆]可转赠 [蓝圆]可现在官方发货直出 小野小王子系列 盒机 可以直接发货 小王子 130 玫瑰    150 飞行员 385 国王 55
